{
  "tipsAndStrategies": [
    {
      "id": "CL0037777",
      "title": "10 expert strategies for surviving holiday stress",
      "tags": "Self Discovery"
    },
    {
      "id": "CL0039099",
      "title": "10 expert-approved tips to get a better nightâ€™s sleep",
      "tags": "Fitness"
    },
    {
      "id": "CL0043840",
      "title": "10 habits to form a healthy evening routine",
      "tags": "Fitness"
    },
    {
      "id": "CL0037775",
      "title": "10 hosting hacks for a stress-free Thanksgiving ",
      "tags": "Social Life"
    },
    {
      "id": "CL0037751",
      "title": "10 simple ways to make walking more fun",
      "tags": "Fitness"
    },
    {
      "id": "CL0037755",
      "title": "10 strategies for preventing injuries while working out at home",
      "tags": "Fitness"
    },
    {
      "id": "CL0042119",
      "title": "10 ways to follow the Mediterranean Diet",
      "tags": "Nutrition"
    },
    {
      "id": "CL0042120",
      "title": "10 ways to move more",
      "tags": "Self Discovery"
    },
    {
      "id": "CL0039105",
      "title": "10 ways to prevent falls at home",
      "tags": "Fitness"
    },
    {
      "id": "CL0039080",
      "title": "10 ways to save big at warehouse clubs",
      "tags": "Money Matters"
    },
    {
      "id": "CL0037756",
      "title": "11 easy ways to save more money each month (without feeling deprived)",
      "tags": "Money Matters"
    },
    {
      "id": "CL0039116",
      "title": "12 foods with more vitamin C than oranges",
      "tags": "Nutrition"
    },
    {
      "id": "CL0043538",
      "title": "3 Common Anxiety Traps and How to Avoid Them",
      "tags": "Self Discovery"
    },
    {
      "id": "CL0039109",
      "title": "3 expert tips for dealing with financial stress",
      "tags": "Money Matters"
    },
    {
      "id": "CL0044408",
      "title": "3 low-impact types of exercise that relieve stress while building strength",
      "tags": "Fitness"
    },
    {
      "id": "CL0042118",
      "title": "3 ways to break your sugar habit",
      "tags": "Nutrition"
    },
    {
      "id": "CL0039229",
      "title": "4 Benefits of camping",
      "tags": "Social Life"
    },
    {
      "id": "CL0042294",
      "title": "4 hiking tips for beginners",
      "tags": "Social Life"
    },
    {
      "id": "CL0037779",
      "title": "4 strategies to keep your cool during family quarantine",
      "tags": "Social Life"
    },
    {
      "id": "CL0037752",
      "title": "4 ways stretching every day can benefit your mind and body",
      "tags": "Fitness"
    },
    {
      "id": "CL0037490",
      "title": "4 ways to bounce back from disappointment",
      "tags": "Self Discovery"
    },
    {
      "id": "CL0043559",
      "title": "5 Best Ways to Protect Against Skin Cancer",
      "tags": "Fitness"
    },
    {
      "id": "CL0043556",
      "title": "5 Ways to Keep Vacation From Upending Your Fitness Routine",
      "tags": "Social Life"
    },
    {
      "id": "CL0043536",
      "title": "5 Ways to Shake Up Your Life ... in a Good Way",
      "tags": "Self Discovery"
    },
    {
      "id": "CL0039093",
      "title": "5 reasons to adopt a senior dog",
      "tags": "Self Discovery"
    },
    {
      "id": "CL0037769",
      "title": "5 reasons to love dark leafy greens ",
      "tags": "Nutrition"
    },
    {
      "id": "CL0037761",
      "title": "5 rules for an emergency fund that will see you through (almost) anything",
      "tags": "Money Matters"
    },
    {
      "id": "CL0043838",
      "title": "5 tasty tricks to make desserts without added sugar",
      "tags": "Nutrition"
    },
    {
      "id": "CL0037486",
      "title": "5 ways to be your own life coach",
      "tags": "Self Discovery"
    },
    {
      "id": "CL0039092",
      "title": "5 ways to stay connected during social distancing",
      "tags": "Social Life"
    },
    {
      "id": "CL0039097",
      "title": "6 feel-good stretches you should do every night before bed",
      "tags": "Fitness"
    },
    {
      "id": "CL0037758",
      "title": "6-week financial plan for a better budget",
      "tags": "Money Matters"
    },
    {
      "id": "CL0039238",
      "title": "7 Benefits of swimming that will have you diving into the pool",
      "tags": "Fitness"
    },
    {
      "id": "CL0039110",
      "title": "7 at-home habits that could be causing your back pain",
      "tags": "Fitness"
    },
    {
      "id": "CL0037759",
      "title": "7 simple personal finance tips you can try all year long",
      "tags": "Money Matters"
    },
    {
      "id": "CL0037771",
      "title": "7 small but impactful ways to fit self-care into your day right now",
      "tags": "Fitness"
    },
    {
      "id": "CL0039088",
      "title": "7 smart ways to protect your money",
      "tags": "Money Matters"
    },
    {
      "id": "CL0037491",
      "title": "7 strategies to unclutter your busy calendar and minimize stress",
      "tags": "Self Discovery"
    },
    {
      "id": "CL0039084",
      "title": "7 ways to cope with seasonal affective disorder",
      "tags": "Fitness"
    },
    {
      "id": "CL0037492",
      "title": "7 ways to stay resilient",
      "tags": "Self Discovery"
    },
    {
      "id": "CL0043548",
      "title": "8 Smart Tips for Paying for College",
      "tags": "Money Matters"
    },
    {
      "id": "CL0042122",
      "title": "8 reasons you should lift weights",
      "tags": "Fitness"
    },
    {
      "id": "CL0045198",
      "title": "9 Vegetables you should cook on your grill",
      "tags": "Nutrition"
    },
    {
      "id": "CL0037757",
      "title": "9 genius tips for saving money during the holidays",
      "tags": "Money Matters"
    },
    {
      "id": "CL0042121",
      "title": "Are you sitting too much?",
      "tags": "Self Discovery"
    },
    {
      "id": "CL0037488",
      "title": "Create a flexible budget that can go with the flow",
      "tags": "Money Matters"
    },
    {
      "id": "CL0044415",
      "title": "Cross-country skiing tips for newbies",
      "tags": "Social Life"
    },
    {
      "id": "CL0037762",
      "title": "Decoding the latest Nutrition Facts label",
      "tags": "Nutrition"
    },
    {
      "id": "CL0037763",
      "title": "Easy things you can do tonight for a healthier tomorrow",
      "tags": "Nutrition"
    },
    {
      "id": "CL0043845",
      "title": "Family finance crash course",
      "tags": "Money Matters"
    },
    {
      "id": "CL0039085",
      "title": "Find a hidden workout in your day",
      "tags": "Fitness"
    },
    {
      "id": "CL0037487",
      "title": "Find time to get fit",
      "tags": "Fitness"
    },
    {
      "id": "CL0042114",
      "title": "Find your way out of credit card debt",
      "tags": "Money Matters"
    },
    {
      "id": "CL0039086",
      "title": "Friends are good for your health",
      "tags": "Social Life"
    },
    {
      "id": "CL0042252",
      "title": "Get back to the track to get fitter and faster",
      "tags": "Fitness"
    },
    {
      "id": "CL0044410",
      "title": "Get fit with this stand-upÂ paddleboardingÂ workout",
      "tags": "Fitness"
    },
    {
      "id": "CL0044409",
      "title": "Get out on the water for your best workout",
      "tags": "Fitness"
    },
    {
      "id": "CL0043540",
      "title": "Go Solo for the Ultimate Vacation",
      "tags": "Self Discovery"
    },
    {
      "id": "CL0044413",
      "title": "Great winter sports to try with kids",
      "tags": "Social Life"
    },
    {
      "id": "CL0043837",
      "title": "Grill like a (healthy) pro",
      "tags": "Nutrition"
    },
    {
      "id": "CL0037764",
      "title": "Healthy alternatives to 6 foods that are tied to weight gain",
      "tags": "Nutrition"
    },
    {
      "id": "CL0044405",
      "title": "Here's why to try tai chi",
      "tags": "Fitness"
    },
    {
      "id": "CL0043551",
      "title": "Hidden Treasures in the Produce Aisle",
      "tags": "Nutrition"
    },
    {
      "id": "CL0039231",
      "title": "Hit the (climbing) wall for a great workout",
      "tags": "Fitness"
    },
    {
      "id": "CL0044414",
      "title": "Hit the slopes for turnsâ€”and to burn",
      "tags": "Fitness"
    },
    {
      "id": "CL0037753",
      "title": "How much exercise do you need, and which type is best for you?",
      "tags": "Fitness"
    },
    {
      "id": "CL0037785",
      "title": "How to (finally!) get the best sleep of your life",
      "tags": "Fitness"
    },
    {
      "id": "CL0043542",
      "title": "How to Get Along With Someone You Completely Disagree With",
      "tags": "Social Life"
    },
    {
      "id": "CL0042112",
      "title": "How to connect with your partner at the end of the day",
      "tags": "Social Life"
    },
    {
      "id": "CL0039090",
      "title": "How to decode food package claims",
      "tags": "Nutrition"
    },
    {
      "id": "CL0043836",
      "title": "How to enjoy summer potlucks, the healthy way",
      "tags": "Nutrition"
    },
    {
      "id": "CL0037784",
      "title": "How to go to sleep when youâ€™re stressed to the max",
      "tags": "Self Discovery"
    },
    {
      "id": "CL0042116",
      "title": "How to grow your retirement savings",
      "tags": "Money Matters"
    },
    {
      "id": "CL0037766",
      "title": "How to handle mealtime challenges with your picky eater",
      "tags": "Nutrition"
    },
    {
      "id": "CL0037780",
      "title": "How to handle the holidays when your family is far away",
      "tags": "Social Life"
    },
    {
      "id": "CL0037781",
      "title": "How to have a healthier relationship with your phone",
      "tags": "Social Life"
    },
    {
      "id": "CL0037778",
      "title": "How to have a social life while practicing social distancing",
      "tags": "Social Life"
    },
    {
      "id": "CL0042113",
      "title": "How to host a digital dinner party",
      "tags": "Social Life"
    },
    {
      "id": "CL0037776",
      "title": "How to host a stress-free Friendsgiving",
      "tags": "Social Life"
    },
    {
      "id": "CL0039095",
      "title": "How to make good friends as an adult",
      "tags": "Social Life"
    },
    {
      "id": "CL0037782",
      "title": "How to make sure social distancing and self-isolation donâ€™t hurt your mental health",
      "tags": "Self Discovery"
    },
    {
      "id": "CL0039100",
      "title": "How to manage school stress and anxiety during all this uncertainty",
      "tags": "Self Discovery"
    },
    {
      "id": "CL0037767",
      "title": "How to prevent overeating when youâ€™re working from home",
      "tags": "Nutrition"
    },
    {
      "id": "CL0039091",
      "title": "How to recover from a bad nightâ€™s sleep, according to experts",
      "tags": "Fitness"
    },
    {
      "id": "CL0037760",
      "title": "How to set and maintain a budget",
      "tags": "Money Matters"
    },
    {
      "id": "CL0039081",
      "title": "How to talk to your partner about money",
      "tags": "Money Matters"
    },
    {
      "id": "CL0039107",
      "title": "How to teach kids financial responsibility at any age",
      "tags": "Money Matters"
    },
    {
      "id": "CL0039236",
      "title": "How to use a rowing machine in 6 easy steps",
      "tags": "Fitness"
    },
    {
      "id": "CL0042111",
      "title": "Listen up: Tune in to be a better parent or friend",
      "tags": "Social Life"
    },
    {
      "id": "CL0037774",
      "title": "Little ways to encourage kindness in your kids",
      "tags": "Social Life"
    },
    {
      "id": "CL0039228",
      "title": "Make it an adventure ",
      "tags": "Social Life"
    },
    {
      "id": "CL0039237",
      "title": "Make time for swimming\r\n",
      "tags": "Fitness"
    },
    {
      "id": "CL0044411",
      "title": "Make your own obstacle course at home",
      "tags": "Social Life"
    },
    {
      "id": "CL0042108",
      "title": "Making gratitude a regular habit",
      "tags": "Self Discovery"
    },
    {
      "id": "CL0042249",
      "title": "Put a road race on your horizon ",
      "tags": "Self Discovery"
    },
    {
      "id": "CL0037768",
      "title": "Raise a healthy eater",
      "tags": "Nutrition"
    },
    {
      "id": "CL0042253",
      "title": "Run faster by incorporating cross-training into your routine",
      "tags": "Fitness"
    },
    {
      "id": "CL0042115",
      "title": "Savvy strategies for parents on a budget",
      "tags": "Money Matters"
    },
    {
      "id": "CL0037485",
      "title": "Secrets for spending less at the grocery store ",
      "tags": "Money Matters"
    },
    {
      "id": "CL0043841",
      "title": "Sit up, stand up: perfect your posture",
      "tags": "Fitness"
    },
    {
      "id": "CL0042117",
      "title": "Smart eating habits to boost your well-being",
      "tags": "Nutrition"
    },
    {
      "id": "CL0037483",
      "title": "Spend more quality time with the people who matter",
      "tags": "Social Life"
    },
    {
      "id": "CL0037783",
      "title": "Surprising causes of winter depression",
      "tags": "Social Life"
    },
    {
      "id": "CL0039234",
      "title": "Take a hike for better health",
      "tags": "Fitness"
    },
    {
      "id": "CL0039087",
      "title": "The 20-minute posture fix",
      "tags": "Fitness"
    },
    {
      "id": "CL0037484",
      "title": "The art of adult friendships: How to be a better friend ",
      "tags": "Self Discovery"
    },
    {
      "id": "CL0039082",
      "title": "The best money advice youâ€™ve never heard",
      "tags": "Money Matters"
    },
    {
      "id": "CL0039104",
      "title": "The best snacks for your body",
      "tags": "Nutrition"
    },
    {
      "id": "CL0039083",
      "title": "The one formula you need to make the perfect lunch bowl",
      "tags": "Nutrition"
    },
    {
      "id": "CL0039108",
      "title": "These 7 tips will help you have a super-productive day",
      "tags": "Self Discovery"
    },
    {
      "id": "CL0037772",
      "title": "These deep-breathing exercises will help you melt away stress",
      "tags": "Self Discovery"
    },
    {
      "id": "CL0044412",
      "title": "This 4-move battle rope workout is perfect for beginners",
      "tags": "Fitness"
    },
    {
      "id": "CL0043552",
      "title": "To Eat More Vegetables, Grow Your Own",
      "tags": "Nutrition"
    },
    {
      "id": "CL0039111",
      "title": "Top 10 high-fiber foods for great gut health",
      "tags": "Nutrition"
    },
    {
      "id": "CL0042109",
      "title": "Ways to Teach Your Kids How to Give ",
      "tags": "Self Discovery"
    },
    {
      "id": "CL0039089",
      "title": "What is intuitive eating? A nutritionist weighs in on this popular anti-diet",
      "tags": "Nutrition"
    },
    {
      "id": "CL0037770",
      "title": "What is meditation? Hereâ€™s what you need to knowâ€”and how to get started",
      "tags": "Fitness"
    },
    {
      "id": "CL0037765",
      "title": "What to eat after a workout",
      "tags": "Fitness"
    },
    {
      "id": "CL0039098",
      "title": "What to feed kids every day\r\n\r\n",
      "tags": "Nutrition"
    },
    {
      "id": "CL0037773",
      "title": "What to know about emotional stress, including warning signs and coping techniques",
      "tags": "Self Discovery"
    },
    {
      "id": "CL0037489",
      "title": "Whatâ€™s your exercise personality?",
      "tags": "Fitness"
    },
    {
      "id": "CL0042110",
      "title": "Whatâ€™s your secret power?",
      "tags": "Self Discovery"
    },
    {
      "id": "CL0039096",
      "title": "Where is the money? How to control electronic spending",
      "tags": "Money Matters"
    },
    {
      "id": "CL0043541",
      "title": "Why It's So Hard to Make Friends as an Adultâ€”and How to Boost the Odds You Connect",
      "tags": "Social Life"
    },
    {
      "id": "CL0044406",
      "title": "Why every woman should add martial arts to her fitness routine",
      "tags": "Fitness"
    },
    {
      "id": "CL0037754",
      "title": "Why picking up the pace improves your workout",
      "tags": "Fitness"
    },
    {
      "id": "CL0042293",
      "title": "Why you should add nordic poles to your walking workouts",
      "tags": "Fitness"
    },
    {
      "id": "CL0044416",
      "title": "Wintry workouts",
      "tags": "Fitness"
    },
    {
      "id": "CL0045197",
      "title": "Your financial plan at 30, 40, 50, 60",
      "tags": "Money Matters"
    },
    {
      "id": "CL0043839",
      "title": "Your ultimate guide to taking care of your teeth",
      "tags": "Fitness"
    }
  ]
}